epoch,train_loss,val_loss,val_l1,val_l2,lr_model,lr_latent,elapsed_s
0,0.015128,0.007765,0.007714,0.000052,1.00e-04,1.00e-03,3.9
1,0.005831,0.005002,0.004943,0.000059,1.00e-04,1.00e-03,7.6
2,0.004640,0.004251,0.004188,0.000063,1.00e-04,1.00e-03,11.3
3,0.004125,0.004106,0.004040,0.000066,1.00e-04,1.00e-03,15.0
4,0.003774,0.003614,0.003545,0.000069,1.00e-04,1.00e-03,18.7
5,0.003543,0.003375,0.003304,0.000071,1.00e-04,1.00e-03,22.4
6,0.003298,0.003249,0.003176,0.000074,1.00e-04,1.00e-03,26.2
7,0.003179,0.002973,0.002897,0.000076,1.00e-04,1.00e-03,29.9
8,0.003029,0.002903,0.002825,0.000078,1.00e-04,1.00e-03,33.6
9,0.002899,0.002791,0.002711,0.000080,1.00e-04,1.00e-03,37.3
10,0.002823,0.002665,0.002583,0.000082,1.00e-04,1.00e-03,41.0
11,0.002726,0.002804,0.002720,0.000084,1.00e-04,1.00e-03,44.7
12,0.002629,0.002758,0.002672,0.000086,1.00e-04,1.00e-03,48.4
13,0.002573,0.002547,0.002459,0.000088,1.00e-04,1.00e-03,52.1
14,0.002490,0.002459,0.002370,0.000090,1.00e-04,1.00e-03,55.9
15,0.002434,0.002422,0.002331,0.000091,1.00e-04,1.00e-03,59.6
16,0.002388,0.002390,0.002297,0.000093,1.00e-04,1.00e-03,63.3
17,0.002354,0.002253,0.002159,0.000094,1.00e-04,1.00e-03,67.0
18,0.002289,0.002230,0.002134,0.000096,1.00e-04,1.00e-03,70.7
19,0.002253,0.002240,0.002143,0.000097,1.00e-04,1.00e-03,74.4
20,0.002209,0.002438,0.002340,0.000098,1.00e-04,1.00e-03,78.1
21,0.002166,0.002245,0.002145,0.000100,1.00e-04,1.00e-03,81.9
22,0.002142,0.002168,0.002067,0.000101,1.00e-04,1.00e-03,85.6
23,0.002110,0.002313,0.002211,0.000102,1.00e-04,1.00e-03,89.3
24,0.002072,0.002018,0.001915,0.000103,1.00e-04,1.00e-03,93.0
25,0.002047,0.002048,0.001944,0.000104,1.00e-04,1.00e-03,96.7
26,0.002008,0.002164,0.002059,0.000105,1.00e-04,1.00e-03,100.4
27,0.001986,0.002122,0.002016,0.000106,1.00e-04,1.00e-03,104.2
28,0.001963,0.002044,0.001937,0.000107,1.00e-04,1.00e-03,107.9
29,0.001944,0.001957,0.001849,0.000108,1.00e-04,1.00e-03,111.6
30,0.001927,0.001948,0.001839,0.000109,1.00e-04,1.00e-03,115.3
31,0.001890,0.001920,0.001810,0.000110,1.00e-04,1.00e-03,119.0
32,0.001882,0.001841,0.001731,0.000111,1.00e-04,1.00e-03,122.7
33,0.001852,0.001830,0.001719,0.000111,1.00e-04,1.00e-03,126.4
34,0.001828,0.001894,0.001782,0.000112,1.00e-04,1.00e-03,130.0
35,0.001822,0.001834,0.001721,0.000113,1.00e-04,1.00e-03,133.7
36,0.001777,0.001799,0.001685,0.000114,1.00e-04,1.00e-03,137.3
37,0.001774,0.001772,0.001657,0.000114,1.00e-04,1.00e-03,141.0
38,0.001770,0.001776,0.001661,0.000115,1.00e-04,1.00e-03,144.8
39,0.001749,0.001718,0.001603,0.000116,1.00e-04,1.00e-03,148.6
40,0.001730,0.001722,0.001605,0.000116,1.00e-04,1.00e-03,152.4
41,0.001725,0.001735,0.001618,0.000117,1.00e-04,1.00e-03,156.1
42,0.001686,0.001748,0.001631,0.000117,1.00e-04,1.00e-03,159.9
43,0.001674,0.001636,0.001518,0.000118,1.00e-04,1.00e-03,163.7
44,0.001670,0.001643,0.001525,0.000119,1.00e-04,1.00e-03,167.4
45,0.001651,0.001669,0.001550,0.000119,1.00e-04,1.00e-03,171.2
46,0.001638,0.001727,0.001607,0.000120,1.00e-04,1.00e-03,175.0
47,0.001620,0.001745,0.001625,0.000120,1.00e-04,1.00e-03,178.7
48,0.001612,0.001625,0.001505,0.000120,1.00e-04,1.00e-03,182.5
49,0.001595,0.001596,0.001475,0.000121,1.00e-04,1.00e-03,186.3
50,0.001581,0.001711,0.001590,0.000121,1.00e-04,1.00e-03,190.0
51,0.001577,0.001570,0.001448,0.000122,1.00e-04,1.00e-03,193.8
52,0.001566,0.001652,0.001530,0.000122,1.00e-04,1.00e-03,197.6
53,0.001555,0.001639,0.001517,0.000122,1.00e-04,1.00e-03,201.4
54,0.001549,0.001642,0.001520,0.000123,1.00e-04,1.00e-03,205.1
55,0.001528,0.001533,0.001410,0.000123,1.00e-04,1.00e-03,208.9
56,0.001531,0.001643,0.001519,0.000123,1.00e-04,1.00e-03,212.6
57,0.001515,0.001512,0.001388,0.000124,1.00e-04,1.00e-03,216.4
58,0.001502,0.001601,0.001477,0.000124,1.00e-04,1.00e-03,220.2
59,0.001495,0.001516,0.001391,0.000124,1.00e-04,1.00e-03,224.0
60,0.001484,0.001511,0.001387,0.000125,1.00e-04,1.00e-03,227.8
61,0.001467,0.001496,0.001371,0.000125,1.00e-04,1.00e-03,231.5
62,0.001469,0.001516,0.001391,0.000125,1.00e-04,1.00e-03,235.3
63,0.001451,0.001506,0.001381,0.000125,1.00e-04,1.00e-03,239.0
64,0.001451,0.001440,0.001314,0.000126,1.00e-04,1.00e-03,242.8
65,0.001432,0.001442,0.001316,0.000126,1.00e-04,1.00e-03,246.5
66,0.001429,0.001509,0.001383,0.000126,1.00e-04,1.00e-03,250.3
67,0.001422,0.001437,0.001311,0.000126,1.00e-04,1.00e-03,254.1
68,0.001415,0.001448,0.001322,0.000127,1.00e-04,1.00e-03,257.8
69,0.001399,0.001426,0.001299,0.000127,1.00e-04,1.00e-03,261.6
70,0.001397,0.001416,0.001289,0.000127,1.00e-04,1.00e-03,265.4
71,0.001389,0.001432,0.001305,0.000127,1.00e-04,1.00e-03,269.1
72,0.001386,0.001389,0.001262,0.000127,1.00e-04,1.00e-03,272.9
73,0.001377,0.001519,0.001392,0.000127,1.00e-04,1.00e-03,276.6
74,0.001366,0.001383,0.001255,0.000127,1.00e-04,1.00e-03,280.4
75,0.001363,0.001581,0.001453,0.000127,1.00e-04,1.00e-03,284.2
76,0.001346,0.001330,0.001203,0.000128,1.00e-04,1.00e-03,288.0
77,0.001351,0.001404,0.001276,0.000128,1.00e-04,1.00e-03,291.7
78,0.001344,0.001409,0.001281,0.000128,1.00e-04,1.00e-03,295.5
79,0.001334,0.001416,0.001288,0.000128,1.00e-04,1.00e-03,299.3
80,0.001333,0.001333,0.001205,0.000128,1.00e-04,1.00e-03,303.0
81,0.001316,0.001347,0.001218,0.000128,1.00e-04,1.00e-03,306.8
82,0.001312,0.001301,0.001173,0.000128,1.00e-04,1.00e-03,310.6
83,0.001309,0.001318,0.001190,0.000129,1.00e-04,1.00e-03,314.3
84,0.001304,0.001438,0.001309,0.000129,1.00e-04,1.00e-03,318.1
85,0.001299,0.001314,0.001185,0.000129,1.00e-04,1.00e-03,321.9
86,0.001298,0.001313,0.001184,0.000129,1.00e-04,1.00e-03,325.7
87,0.001288,0.001397,0.001268,0.000129,1.00e-04,1.00e-03,329.4
88,0.001287,0.001314,0.001185,0.000129,1.00e-04,1.00e-03,333.2
89,0.001277,0.001305,0.001175,0.000129,1.00e-04,1.00e-03,337.0
90,0.001262,0.001333,0.001204,0.000129,1.00e-04,1.00e-03,340.7
91,0.001264,0.001297,0.001168,0.000129,1.00e-04,1.00e-03,344.5
92,0.001258,0.001359,0.001230,0.000129,1.00e-04,1.00e-03,348.2
93,0.001247,0.001341,0.001212,0.000129,1.00e-04,1.00e-03,352.0
94,0.001246,0.001235,0.001105,0.000130,1.00e-04,1.00e-03,355.7
95,0.001246,0.001269,0.001139,0.000130,1.00e-04,1.00e-03,359.5
96,0.001235,0.001315,0.001185,0.000130,1.00e-04,1.00e-03,363.3
97,0.001228,0.001322,0.001193,0.000130,1.00e-04,1.00e-03,367.0
98,0.001227,0.001318,0.001188,0.000130,1.00e-04,1.00e-03,370.8
99,0.001221,0.001243,0.001114,0.000130,1.00e-04,1.00e-03,374.5
100,0.001214,0.001236,0.001106,0.000130,1.00e-04,1.00e-03,378.3
101,0.001211,0.001213,0.001083,0.000130,1.00e-04,1.00e-03,382.1
102,0.001217,0.001219,0.001089,0.000130,1.00e-04,1.00e-03,385.8
103,0.001204,0.001242,0.001113,0.000130,1.00e-04,1.00e-03,389.6
104,0.001195,0.001237,0.001107,0.000130,1.00e-04,1.00e-03,393.4
105,0.001191,0.001320,0.001190,0.000130,1.00e-04,1.00e-03,397.2
106,0.001182,0.001242,0.001112,0.000130,1.00e-04,1.00e-03,400.9
107,0.001193,0.001224,0.001094,0.000130,1.00e-04,1.00e-03,404.6
108,0.001176,0.001211,0.001081,0.000130,1.00e-04,1.00e-03,408.4
109,0.001181,0.001202,0.001072,0.000130,1.00e-04,1.00e-03,412.2
110,0.001163,0.001192,0.001061,0.000130,1.00e-04,1.00e-03,416.0
111,0.001174,0.001230,0.001100,0.000130,1.00e-04,1.00e-03,419.7
112,0.001165,0.001212,0.001082,0.000130,1.00e-04,1.00e-03,423.5
113,0.001158,0.001253,0.001123,0.000130,1.00e-04,1.00e-03,427.3
114,0.001159,0.001154,0.001024,0.000130,1.00e-04,1.00e-03,431.0
115,0.001155,0.001198,0.001068,0.000130,1.00e-04,1.00e-03,434.8
116,0.001145,0.001240,0.001110,0.000130,1.00e-04,1.00e-03,438.5
117,0.001139,0.001216,0.001086,0.000130,1.00e-04,1.00e-03,442.3
118,0.001138,0.001187,0.001056,0.000130,1.00e-04,1.00e-03,446.0
119,0.001126,0.001157,0.001027,0.000130,1.00e-04,1.00e-03,449.8
120,0.001129,0.001215,0.001085,0.000130,1.00e-04,1.00e-03,453.5
121,0.001132,0.001154,0.001024,0.000130,1.00e-04,1.00e-03,457.3
122,0.001113,0.001150,0.001020,0.000130,1.00e-04,1.00e-03,461.1
123,0.001120,0.001241,0.001111,0.000130,1.00e-04,1.00e-03,464.9
124,0.001121,0.001132,0.001002,0.000130,1.00e-04,1.00e-03,468.6
125,0.001111,0.001143,0.001013,0.000130,1.00e-04,1.00e-03,472.3
126,0.001110,0.001118,0.000988,0.000130,1.00e-04,1.00e-03,476.1
127,0.001102,0.001188,0.001058,0.000130,1.00e-04,1.00e-03,479.9
128,0.001094,0.001124,0.000994,0.000130,1.00e-04,1.00e-03,483.6
129,0.001096,0.001107,0.000977,0.000130,1.00e-04,1.00e-03,487.4
130,0.001093,0.001151,0.001021,0.000130,1.00e-04,1.00e-03,491.1
131,0.001089,0.001147,0.001017,0.000130,1.00e-04,1.00e-03,494.9
132,0.001091,0.001129,0.000998,0.000130,1.00e-04,1.00e-03,498.6
133,0.001083,0.001145,0.001015,0.000130,1.00e-04,1.00e-03,502.4
134,0.001078,0.001140,0.001011,0.000130,1.00e-04,1.00e-03,506.2
135,0.001072,0.001131,0.001001,0.000130,1.00e-04,1.00e-03,509.9
136,0.001078,0.001160,0.001030,0.000130,1.00e-04,1.00e-03,513.6
137,0.001075,0.001134,0.001004,0.000130,1.00e-04,1.00e-03,517.4
138,0.001061,0.001099,0.000969,0.000130,1.00e-04,1.00e-03,521.1
139,0.001065,0.001145,0.001015,0.000130,1.00e-04,1.00e-03,524.9
140,0.001058,0.001082,0.000952,0.000130,1.00e-04,1.00e-03,528.6
141,0.001057,0.001150,0.001020,0.000130,1.00e-04,1.00e-03,532.4
142,0.001062,0.001074,0.000944,0.000130,1.00e-04,1.00e-03,536.2
143,0.001053,0.001112,0.000982,0.000130,1.00e-04,1.00e-03,539.9
144,0.001051,0.001095,0.000965,0.000130,1.00e-04,1.00e-03,543.7
145,0.001044,0.001081,0.000951,0.000130,1.00e-04,1.00e-03,547.4
146,0.001042,0.001060,0.000930,0.000130,1.00e-04,1.00e-03,551.2
147,0.001040,0.001174,0.001044,0.000130,1.00e-04,1.00e-03,555.0
148,0.001041,0.001063,0.000933,0.000130,1.00e-04,1.00e-03,558.7
149,0.001033,0.001040,0.000911,0.000130,1.00e-04,1.00e-03,562.5
150,0.001034,0.001105,0.000976,0.000130,1.00e-04,1.00e-03,566.2
151,0.001029,0.001076,0.000947,0.000130,1.00e-04,1.00e-03,570.0
152,0.001028,0.001035,0.000906,0.000130,1.00e-04,1.00e-03,573.7
153,0.001021,0.001040,0.000910,0.000129,1.00e-04,1.00e-03,577.5
154,0.001014,0.001073,0.000943,0.000130,1.00e-04,1.00e-03,581.2
155,0.001019,0.001063,0.000933,0.000130,1.00e-04,1.00e-03,585.0
156,0.001014,0.001050,0.000920,0.000129,1.00e-04,1.00e-03,588.8
157,0.001006,0.001086,0.000957,0.000129,1.00e-04,1.00e-03,592.5
158,0.001007,0.001037,0.000908,0.000129,1.00e-04,1.00e-03,596.3
159,0.001011,0.001063,0.000933,0.000129,1.00e-04,1.00e-03,600.0
160,0.001002,0.001121,0.000992,0.000129,1.00e-04,1.00e-03,603.8
161,0.001016,0.001019,0.000890,0.000129,1.00e-04,1.00e-03,607.5
162,0.000998,0.001027,0.000897,0.000129,1.00e-04,1.00e-03,611.3
163,0.000992,0.001041,0.000911,0.000129,1.00e-04,1.00e-03,615.1
164,0.000992,0.001039,0.000910,0.000129,1.00e-04,1.00e-03,618.8
165,0.000992,0.001043,0.000914,0.000129,1.00e-04,1.00e-03,622.6
166,0.000985,0.001029,0.000900,0.000129,1.00e-04,1.00e-03,626.4
167,0.000986,0.001064,0.000935,0.000129,1.00e-04,1.00e-03,630.1
168,0.000986,0.001023,0.000894,0.000129,1.00e-04,1.00e-03,633.9
169,0.000987,0.001018,0.000889,0.000129,1.00e-04,1.00e-03,637.6
170,0.000976,0.001065,0.000936,0.000129,1.00e-04,1.00e-03,641.4
171,0.000984,0.000995,0.000866,0.000129,1.00e-04,1.00e-03,645.2
172,0.000971,0.001063,0.000935,0.000129,1.00e-04,1.00e-03,648.9
173,0.000973,0.001005,0.000876,0.000129,1.00e-04,1.00e-03,652.7
174,0.000967,0.001039,0.000910,0.000129,1.00e-04,1.00e-03,656.5
175,0.000967,0.001038,0.000909,0.000129,1.00e-04,1.00e-03,660.2
176,0.000965,0.001000,0.000871,0.000129,1.00e-04,1.00e-03,664.0
177,0.000968,0.001052,0.000924,0.000129,1.00e-04,1.00e-03,667.8
178,0.000963,0.001002,0.000873,0.000129,1.00e-04,1.00e-03,671.5
179,0.000955,0.001013,0.000885,0.000129,1.00e-04,1.00e-03,675.3
180,0.000959,0.000992,0.000864,0.000129,1.00e-04,1.00e-03,679.0
181,0.000956,0.001015,0.000887,0.000128,1.00e-04,1.00e-03,682.8
182,0.000952,0.000967,0.000838,0.000128,1.00e-04,1.00e-03,686.6
183,0.000949,0.001011,0.000882,0.000128,1.00e-04,1.00e-03,690.4
184,0.000944,0.000973,0.000844,0.000128,1.00e-04,1.00e-03,694.1
185,0.000949,0.000982,0.000854,0.000128,1.00e-04,1.00e-03,697.9
186,0.000941,0.001082,0.000953,0.000128,1.00e-04,1.00e-03,701.7
187,0.000944,0.000969,0.000841,0.000128,1.00e-04,1.00e-03,705.4
188,0.000940,0.001038,0.000909,0.000128,1.00e-04,1.00e-03,709.2
189,0.000937,0.000975,0.000846,0.000128,1.00e-04,1.00e-03,713.0
190,0.000936,0.000993,0.000865,0.000128,1.00e-04,1.00e-03,716.7
191,0.000932,0.000952,0.000824,0.000128,1.00e-04,1.00e-03,720.5
192,0.000930,0.000981,0.000853,0.000128,1.00e-04,1.00e-03,724.3
193,0.000928,0.000974,0.000846,0.000128,1.00e-04,1.00e-03,728.0
194,0.000926,0.000966,0.000839,0.000128,1.00e-04,1.00e-03,731.8
195,0.000928,0.001017,0.000889,0.000128,1.00e-04,1.00e-03,735.6
196,0.000924,0.000951,0.000823,0.000128,1.00e-04,1.00e-03,739.4
197,0.000918,0.000978,0.000851,0.000128,1.00e-04,1.00e-03,743.1
198,0.000922,0.000977,0.000850,0.000128,1.00e-04,1.00e-03,746.9
199,0.000919,0.000959,0.000831,0.000128,1.00e-04,1.00e-03,750.7
200,0.000918,0.000941,0.000814,0.000128,1.00e-04,1.00e-03,754.5
201,0.000917,0.000959,0.000832,0.000128,1.00e-04,1.00e-03,758.3
202,0.000914,0.000936,0.000809,0.000128,1.00e-04,1.00e-03,762.0
203,0.000912,0.000946,0.000818,0.000128,1.00e-04,1.00e-03,765.8
204,0.000908,0.000938,0.000811,0.000127,1.00e-04,1.00e-03,769.6
205,0.000907,0.000935,0.000808,0.000127,1.00e-04,1.00e-03,773.3
206,0.000909,0.000974,0.000846,0.000127,1.00e-04,1.00e-03,777.1
207,0.000905,0.001009,0.000882,0.000127,1.00e-04,1.00e-03,780.9
208,0.000906,0.000930,0.000802,0.000127,1.00e-04,1.00e-03,784.6
209,0.000898,0.000958,0.000831,0.000127,1.00e-04,1.00e-03,788.4
210,0.000899,0.000960,0.000832,0.000127,1.00e-04,1.00e-03,792.2
211,0.000892,0.000978,0.000851,0.000127,1.00e-04,1.00e-03,795.9
212,0.000893,0.000997,0.000870,0.000127,1.00e-04,1.00e-03,799.7
213,0.000895,0.000940,0.000813,0.000127,1.00e-04,1.00e-03,803.4
214,0.000895,0.001000,0.000873,0.000127,1.00e-04,1.00e-03,807.2
215,0.000883,0.000912,0.000785,0.000127,1.00e-04,1.00e-03,810.9
216,0.000892,0.000897,0.000770,0.000127,1.00e-04,1.00e-03,814.7
217,0.000885,0.000931,0.000804,0.000127,1.00e-04,1.00e-03,818.5
218,0.000887,0.000950,0.000823,0.000127,1.00e-04,1.00e-03,822.2
219,0.000883,0.000971,0.000844,0.000127,1.00e-04,1.00e-03,826.0
220,0.000881,0.000929,0.000803,0.000127,1.00e-04,1.00e-03,829.8
221,0.000884,0.000912,0.000786,0.000127,1.00e-04,1.00e-03,833.5
222,0.000880,0.000898,0.000771,0.000127,1.00e-04,1.00e-03,837.3
223,0.000878,0.000980,0.000853,0.000126,1.00e-04,1.00e-03,841.1
224,0.000872,0.000935,0.000808,0.000126,1.00e-04,1.00e-03,844.9
225,0.000873,0.000956,0.000830,0.000126,1.00e-04,1.00e-03,848.6
226,0.000876,0.000927,0.000801,0.000126,1.00e-04,1.00e-03,852.4
227,0.000868,0.000956,0.000830,0.000126,1.00e-04,1.00e-03,856.1
228,0.000874,0.000947,0.000820,0.000126,1.00e-04,1.00e-03,859.9
229,0.000875,0.000918,0.000792,0.000126,1.00e-04,1.00e-03,863.6
230,0.000870,0.000918,0.000792,0.000126,1.00e-04,1.00e-03,867.4
231,0.000866,0.000907,0.000781,0.000126,1.00e-04,1.00e-03,871.2
232,0.000864,0.000886,0.000760,0.000126,1.00e-04,1.00e-03,874.9
233,0.000863,0.000971,0.000845,0.000126,1.00e-04,1.00e-03,878.7
234,0.000863,0.000905,0.000779,0.000126,1.00e-04,1.00e-03,882.5
235,0.000864,0.000894,0.000768,0.000126,1.00e-04,1.00e-03,886.2
236,0.000860,0.000981,0.000855,0.000126,1.00e-04,1.00e-03,890.0
237,0.000857,0.000890,0.000765,0.000126,1.00e-04,1.00e-03,893.7
238,0.000855,0.000968,0.000843,0.000126,1.00e-04,1.00e-03,897.5
239,0.000857,0.000891,0.000765,0.000126,1.00e-04,1.00e-03,901.3
240,0.000851,0.000954,0.000828,0.000126,1.00e-04,1.00e-03,905.1
241,0.000856,0.000884,0.000758,0.000126,1.00e-04,1.00e-03,908.8
242,0.000854,0.000906,0.000780,0.000126,1.00e-04,1.00e-03,912.6
243,0.000850,0.000976,0.000850,0.000126,1.00e-04,1.00e-03,916.3
244,0.000847,0.000884,0.000759,0.000125,1.00e-04,1.00e-03,920.1
245,0.000840,0.000866,0.000741,0.000125,1.00e-04,1.00e-03,923.9
246,0.000846,0.000910,0.000785,0.000125,1.00e-04,1.00e-03,927.7
247,0.000841,0.000916,0.000790,0.000125,1.00e-04,1.00e-03,931.5
248,0.000841,0.000912,0.000787,0.000125,1.00e-04,1.00e-03,935.2
249,0.000837,0.000877,0.000752,0.000125,1.00e-04,1.00e-03,939.0
250,0.000841,0.000870,0.000745,0.000125,1.00e-04,1.00e-03,942.7
251,0.000836,0.000866,0.000741,0.000125,1.00e-04,1.00e-03,946.5
252,0.000837,0.000942,0.000817,0.000125,1.00e-04,1.00e-03,950.2
253,0.000832,0.000902,0.000777,0.000125,1.00e-04,1.00e-03,954.0
254,0.000835,0.000919,0.000794,0.000125,1.00e-04,1.00e-03,957.7
255,0.000831,0.000944,0.000819,0.000125,1.00e-04,1.00e-03,961.5
256,0.000834,0.000932,0.000807,0.000125,1.00e-04,1.00e-03,965.2
257,0.000835,0.000901,0.000776,0.000125,1.00e-04,1.00e-03,969.0
258,0.000827,0.000852,0.000727,0.000125,1.00e-04,1.00e-03,972.8
259,0.000826,0.000834,0.000709,0.000125,1.00e-04,1.00e-03,976.6
260,0.000825,0.000916,0.000792,0.000125,1.00e-04,1.00e-03,980.3
261,0.000827,0.000854,0.000729,0.000125,1.00e-04,1.00e-03,984.1
262,0.000827,0.000874,0.000750,0.000124,1.00e-04,1.00e-03,987.8
263,0.000818,0.000851,0.000727,0.000125,1.00e-04,1.00e-03,991.6
264,0.000822,0.000877,0.000753,0.000124,1.00e-04,1.00e-03,995.4
265,0.000824,0.000874,0.000750,0.000124,1.00e-04,1.00e-03,999.2
266,0.000815,0.000863,0.000739,0.000124,1.00e-04,1.00e-03,1002.9
267,0.000819,0.000892,0.000768,0.000124,1.00e-04,1.00e-03,1006.7
268,0.000816,0.000852,0.000728,0.000124,1.00e-04,1.00e-03,1010.4
269,0.000816,0.000834,0.000710,0.000124,1.00e-04,1.00e-03,1014.2
270,0.000813,0.000859,0.000735,0.000124,1.00e-04,1.00e-03,1018.0
271,0.000819,0.000877,0.000753,0.000124,1.00e-04,1.00e-03,1021.7
272,0.000810,0.000911,0.000787,0.000124,1.00e-04,1.00e-03,1025.5
273,0.000811,0.000844,0.000720,0.000124,1.00e-04,1.00e-03,1029.2
274,0.000811,0.000936,0.000812,0.000124,1.00e-04,1.00e-03,1033.0
275,0.000808,0.000903,0.000779,0.000124,1.00e-04,1.00e-03,1036.7
276,0.000807,0.000863,0.000739,0.000124,1.00e-04,1.00e-03,1040.5
277,0.000810,0.000885,0.000761,0.000124,1.00e-04,1.00e-03,1044.3
278,0.000808,0.000847,0.000723,0.000124,1.00e-04,1.00e-03,1048.0
279,0.000805,0.000832,0.000708,0.000124,1.00e-04,1.00e-03,1051.8
280,0.000806,0.000831,0.000707,0.000124,1.00e-04,1.00e-03,1055.6
281,0.000803,0.000874,0.000750,0.000124,1.00e-04,1.00e-03,1059.4
282,0.000802,0.000850,0.000727,0.000124,1.00e-04,1.00e-03,1063.1
283,0.000800,0.000836,0.000713,0.000124,1.00e-04,1.00e-03,1066.9
284,0.000797,0.000869,0.000746,0.000123,1.00e-04,1.00e-03,1070.7
285,0.000801,0.000866,0.000742,0.000123,1.00e-04,1.00e-03,1074.4
286,0.000798,0.000882,0.000759,0.000123,1.00e-04,1.00e-03,1078.2
287,0.000802,0.000877,0.000754,0.000123,1.00e-04,1.00e-03,1082.0
288,0.000790,0.000840,0.000717,0.000123,1.00e-04,1.00e-03,1085.7
289,0.000795,0.000878,0.000755,0.000123,1.00e-04,1.00e-03,1089.5
290,0.000788,0.000825,0.000702,0.000123,1.00e-04,1.00e-03,1093.3
291,0.000791,0.000842,0.000719,0.000123,1.00e-04,1.00e-03,1097.0
292,0.000791,0.000840,0.000717,0.000123,1.00e-04,1.00e-03,1100.8
293,0.000788,0.000835,0.000712,0.000123,1.00e-04,1.00e-03,1104.5
294,0.000789,0.000822,0.000699,0.000123,1.00e-04,1.00e-03,1108.3
295,0.000791,0.000855,0.000732,0.000123,1.00e-04,1.00e-03,1112.1
296,0.000780,0.000874,0.000751,0.000123,1.00e-04,1.00e-03,1115.8
297,0.000785,0.000821,0.000698,0.000123,1.00e-04,1.00e-03,1119.6
298,0.000786,0.000852,0.000729,0.000123,1.00e-04,1.00e-03,1123.4
299,0.000784,0.000826,0.000703,0.000123,1.00e-04,1.00e-03,1127.1
300,0.000782,0.000833,0.000711,0.000123,1.00e-04,1.00e-03,1130.9
301,0.000779,0.000828,0.000705,0.000123,1.00e-04,1.00e-03,1134.6
302,0.000782,0.000844,0.000721,0.000123,1.00e-04,1.00e-03,1138.4
303,0.000776,0.000841,0.000718,0.000122,1.00e-04,1.00e-03,1142.1
304,0.000781,0.000824,0.000702,0.000122,1.00e-04,1.00e-03,1145.9
305,0.000778,0.000839,0.000717,0.000122,1.00e-04,1.00e-03,1149.7
306,0.000777,0.000835,0.000713,0.000122,1.00e-04,1.00e-03,1153.4
307,0.000773,0.000807,0.000684,0.000122,1.00e-04,1.00e-03,1157.2
308,0.000774,0.000827,0.000705,0.000122,1.00e-04,1.00e-03,1161.0
309,0.000779,0.000845,0.000723,0.000122,1.00e-04,1.00e-03,1164.7
310,0.000768,0.000844,0.000722,0.000122,1.00e-04,1.00e-03,1168.5
311,0.000775,0.000857,0.000734,0.000122,1.00e-04,1.00e-03,1172.2
312,0.000770,0.000806,0.000684,0.000122,1.00e-04,1.00e-03,1176.0
313,0.000768,0.000836,0.000714,0.000122,1.00e-04,1.00e-03,1179.7
314,0.000771,0.000805,0.000683,0.000122,1.00e-04,1.00e-03,1183.5
315,0.000766,0.000800,0.000678,0.000122,1.00e-04,1.00e-03,1187.3
316,0.000771,0.000859,0.000737,0.000122,1.00e-04,1.00e-03,1191.0
317,0.000769,0.000840,0.000718,0.000122,1.00e-04,1.00e-03,1194.8
318,0.000771,0.000818,0.000697,0.000122,1.00e-04,1.00e-03,1198.5
319,0.000764,0.000827,0.000705,0.000122,1.00e-04,1.00e-03,1202.3
320,0.000761,0.000804,0.000682,0.000122,1.00e-04,1.00e-03,1206.1
321,0.000765,0.000810,0.000688,0.000122,1.00e-04,1.00e-03,1209.8
322,0.000764,0.000856,0.000735,0.000122,1.00e-04,1.00e-03,1213.6
323,0.000762,0.000777,0.000655,0.000122,1.00e-04,1.00e-03,1217.4
324,0.000760,0.000808,0.000686,0.000122,1.00e-04,1.00e-03,1221.2
325,0.000761,0.000814,0.000692,0.000121,1.00e-04,1.00e-03,1224.9
326,0.000759,0.000849,0.000728,0.000121,1.00e-04,1.00e-03,1228.7
327,0.000758,0.000845,0.000724,0.000121,1.00e-04,1.00e-03,1232.4
328,0.000762,0.000832,0.000711,0.000121,1.00e-04,1.00e-03,1236.2
329,0.000760,0.000860,0.000738,0.000121,1.00e-04,1.00e-03,1240.0
330,0.000762,0.000799,0.000677,0.000121,1.00e-04,1.00e-03,1243.7
331,0.000754,0.000844,0.000723,0.000121,1.00e-04,1.00e-03,1247.5
332,0.000751,0.000812,0.000691,0.000121,1.00e-04,1.00e-03,1251.2
333,0.000753,0.000821,0.000700,0.000121,1.00e-04,1.00e-03,1255.0
334,0.000752,0.000849,0.000728,0.000121,1.00e-04,1.00e-03,1258.7
335,0.000751,0.000808,0.000687,0.000121,1.00e-04,1.00e-03,1262.5
336,0.000755,0.000823,0.000702,0.000121,1.00e-04,1.00e-03,1266.3
337,0.000745,0.000809,0.000688,0.000121,1.00e-04,1.00e-03,1270.0
338,0.000746,0.000816,0.000696,0.000121,1.00e-04,1.00e-03,1273.8
339,0.000746,0.000839,0.000719,0.000121,1.00e-04,1.00e-03,1277.6
340,0.000744,0.000839,0.000718,0.000121,1.00e-04,1.00e-03,1281.3
341,0.000751,0.000784,0.000663,0.000121,1.00e-04,1.00e-03,1285.1
342,0.000746,0.000810,0.000690,0.000121,1.00e-04,1.00e-03,1288.8
343,0.000747,0.000828,0.000708,0.000121,1.00e-04,1.00e-03,1292.6
344,0.000744,0.000769,0.000649,0.000120,1.00e-04,1.00e-03,1296.4
345,0.000743,0.000826,0.000705,0.000121,1.00e-04,1.00e-03,1300.1
346,0.000745,0.000797,0.000676,0.000120,1.00e-04,1.00e-03,1303.9
347,0.000745,0.000800,0.000679,0.000120,1.00e-04,1.00e-03,1307.7
348,0.000738,0.000835,0.000714,0.000120,1.00e-04,1.00e-03,1311.4
349,0.000741,0.000831,0.000711,0.000120,1.00e-04,1.00e-03,1315.2
350,0.000741,0.000810,0.000689,0.000120,1.00e-04,1.00e-03,1319.0
351,0.000737,0.000783,0.000663,0.000120,1.00e-04,1.00e-03,1322.7
352,0.000738,0.000778,0.000658,0.000120,1.00e-04,1.00e-03,1326.5
353,0.000736,0.000812,0.000692,0.000120,1.00e-04,1.00e-03,1330.3
354,0.000733,0.000776,0.000656,0.000120,1.00e-04,1.00e-03,1334.0
355,0.000733,0.000798,0.000678,0.000120,1.00e-04,1.00e-03,1337.8
356,0.000734,0.000793,0.000673,0.000120,1.00e-04,1.00e-03,1341.5
357,0.000731,0.000756,0.000636,0.000120,1.00e-04,1.00e-03,1345.3
358,0.000730,0.000790,0.000670,0.000120,1.00e-04,1.00e-03,1349.1
359,0.000732,0.000781,0.000661,0.000120,1.00e-04,1.00e-03,1352.8
360,0.000733,0.000801,0.000681,0.000120,1.00e-04,1.00e-03,1356.6
361,0.000738,0.000786,0.000666,0.000120,1.00e-04,1.00e-03,1360.3
362,0.000729,0.000808,0.000689,0.000120,1.00e-04,1.00e-03,1364.1
363,0.000728,0.000783,0.000663,0.000120,1.00e-04,1.00e-03,1367.8
364,0.000728,0.000805,0.000685,0.000120,1.00e-04,1.00e-03,1371.6
365,0.000723,0.000784,0.000665,0.000120,1.00e-04,1.00e-03,1375.3
366,0.000724,0.000775,0.000655,0.000120,1.00e-04,1.00e-03,1379.1
367,0.000730,0.000761,0.000641,0.000120,1.00e-04,1.00e-03,1382.8
368,0.000726,0.000805,0.000686,0.000119,1.00e-04,1.00e-03,1386.6
369,0.000725,0.000776,0.000657,0.000119,1.00e-04,1.00e-03,1390.4
370,0.000721,0.000769,0.000649,0.000119,1.00e-04,1.00e-03,1394.2
371,0.000723,0.000787,0.000667,0.000119,1.00e-04,1.00e-03,1397.9
372,0.000725,0.000774,0.000655,0.000119,1.00e-04,1.00e-03,1401.7
373,0.000722,0.000803,0.000684,0.000119,1.00e-04,1.00e-03,1405.4
374,0.000718,0.000769,0.000650,0.000119,1.00e-04,1.00e-03,1409.2
375,0.000719,0.000770,0.000651,0.000119,1.00e-04,1.00e-03,1413.0
376,0.000721,0.000761,0.000642,0.000119,1.00e-04,1.00e-03,1416.7
377,0.000718,0.000762,0.000643,0.000119,1.00e-04,1.00e-03,1420.5
378,0.000721,0.000791,0.000672,0.000119,9.00e-05,9.00e-04,1424.3
379,0.000689,0.000737,0.000618,0.000119,9.00e-05,9.00e-04,1428.1
380,0.000681,0.000728,0.000609,0.000119,9.00e-05,9.00e-04,1431.9
381,0.000686,0.000751,0.000632,0.000119,9.00e-05,9.00e-04,1435.6
382,0.000681,0.000748,0.000630,0.000119,9.00e-05,9.00e-04,1439.4
383,0.000686,0.000719,0.000600,0.000118,9.00e-05,9.00e-04,1443.2
384,0.000681,0.000739,0.000621,0.000118,9.00e-05,9.00e-04,1447.0
385,0.000678,0.000746,0.000628,0.000118,9.00e-05,9.00e-04,1450.7
386,0.000681,0.000742,0.000624,0.000118,9.00e-05,9.00e-04,1454.5
387,0.000676,0.000794,0.000676,0.000118,9.00e-05,9.00e-04,1458.3
388,0.000682,0.000759,0.000641,0.000118,9.00e-05,9.00e-04,1462.0
389,0.000676,0.000717,0.000600,0.000118,9.00e-05,9.00e-04,1465.8
390,0.000679,0.000733,0.000616,0.000118,9.00e-05,9.00e-04,1469.5
391,0.000675,0.000748,0.000630,0.000118,9.00e-05,9.00e-04,1473.3
392,0.000676,0.000753,0.000636,0.000118,9.00e-05,9.00e-04,1477.1
393,0.000675,0.000739,0.000621,0.000118,9.00e-05,9.00e-04,1480.8
394,0.000674,0.000727,0.000609,0.000117,9.00e-05,9.00e-04,1484.6
395,0.000674,0.000732,0.000615,0.000117,9.00e-05,9.00e-04,1488.3
396,0.000673,0.000711,0.000594,0.000117,9.00e-05,9.00e-04,1492.1
397,0.000672,0.000732,0.000615,0.000117,9.00e-05,9.00e-04,1495.9
398,0.000673,0.000733,0.000616,0.000117,9.00e-05,9.00e-04,1499.6
399,0.000668,0.000712,0.000595,0.000117,9.00e-05,9.00e-04,1503.4
400,0.000672,0.000756,0.000639,0.000117,9.00e-05,9.00e-04,1507.2
401,0.000669,0.000716,0.000600,0.000117,9.00e-05,9.00e-04,1510.9
402,0.000671,0.000735,0.000618,0.000117,9.00e-05,9.00e-04,1514.7
403,0.000671,0.000743,0.000626,0.000117,9.00e-05,9.00e-04,1518.4
404,0.000669,0.000744,0.000627,0.000117,9.00e-05,9.00e-04,1522.2
405,0.000670,0.000721,0.000604,0.000117,9.00e-05,9.00e-04,1525.9
406,0.000670,0.000734,0.000618,0.000117,9.00e-05,9.00e-04,1529.7
407,0.000668,0.000737,0.000620,0.000116,9.00e-05,9.00e-04,1533.5
408,0.000667,0.000744,0.000627,0.000116,9.00e-05,9.00e-04,1537.2
409,0.000666,0.000745,0.000628,0.000116,9.00e-05,9.00e-04,1541.0
410,0.000665,0.000728,0.000612,0.000116,9.00e-05,9.00e-04,1544.7
411,0.000664,0.000726,0.000610,0.000116,9.00e-05,9.00e-04,1548.5
412,0.000665,0.000742,0.000626,0.000116,9.00e-05,9.00e-04,1552.3
413,0.000666,0.000706,0.000590,0.000116,9.00e-05,9.00e-04,1556.1
414,0.000663,0.000726,0.000610,0.000116,9.00e-05,9.00e-04,1559.8
415,0.000663,0.000723,0.000607,0.000116,9.00e-05,9.00e-04,1563.6
416,0.000661,0.000722,0.000606,0.000116,9.00e-05,9.00e-04,1567.3
417,0.000663,0.000743,0.000627,0.000116,9.00e-05,9.00e-04,1571.1
418,0.000661,0.000717,0.000601,0.000116,9.00e-05,9.00e-04,1574.9
419,0.000659,0.000719,0.000604,0.000116,9.00e-05,9.00e-04,1578.6
420,0.000661,0.000725,0.000610,0.000116,9.00e-05,9.00e-04,1582.4
421,0.000661,0.000721,0.000606,0.000116,9.00e-05,9.00e-04,1586.2
422,0.000660,0.000739,0.000624,0.000116,9.00e-05,9.00e-04,1590.0
423,0.000659,0.000721,0.000605,0.000115,9.00e-05,9.00e-04,1593.7
424,0.000657,0.000700,0.000585,0.000115,9.00e-05,9.00e-04,1597.5
425,0.000662,0.000720,0.000605,0.000115,9.00e-05,9.00e-04,1601.3
426,0.000659,0.000732,0.000617,0.000115,9.00e-05,9.00e-04,1605.1
427,0.000655,0.000723,0.000607,0.000115,9.00e-05,9.00e-04,1608.8
428,0.000658,0.000722,0.000607,0.000115,9.00e-05,9.00e-04,1612.6
429,0.000654,0.000707,0.000592,0.000115,9.00e-05,9.00e-04,1616.3
430,0.000652,0.000711,0.000596,0.000115,9.00e-05,9.00e-04,1620.1
431,0.000653,0.000724,0.000609,0.000115,9.00e-05,9.00e-04,1623.9
432,0.000656,0.000716,0.000601,0.000115,9.00e-05,9.00e-04,1627.6
433,0.000653,0.000737,0.000622,0.000115,9.00e-05,9.00e-04,1631.4
434,0.000654,0.000720,0.000605,0.000115,9.00e-05,9.00e-04,1635.2
435,0.000653,0.000726,0.000611,0.000115,9.00e-05,9.00e-04,1638.9
436,0.000653,0.000710,0.000595,0.000115,9.00e-05,9.00e-04,1642.7
437,0.000653,0.000707,0.000592,0.000115,9.00e-05,9.00e-04,1646.4
438,0.000649,0.000735,0.000621,0.000114,9.00e-05,9.00e-04,1650.2
439,0.000648,0.000712,0.000598,0.000114,9.00e-05,9.00e-04,1654.0
440,0.000652,0.000718,0.000604,0.000114,9.00e-05,9.00e-04,1657.7
441,0.000650,0.000722,0.000608,0.000114,9.00e-05,9.00e-04,1661.5
442,0.000648,0.000743,0.000629,0.000114,9.00e-05,9.00e-04,1665.3
443,0.000648,0.000717,0.000603,0.000114,9.00e-05,9.00e-04,1669.1
444,0.000649,0.000693,0.000579,0.000114,9.00e-05,9.00e-04,1672.8
445,0.000649,0.000703,0.000588,0.000114,9.00e-05,9.00e-04,1676.6
446,0.000649,0.000700,0.000586,0.000114,9.00e-05,9.00e-04,1680.4
447,0.000650,0.000707,0.000592,0.000114,9.00e-05,9.00e-04,1684.1
448,0.000647,0.000701,0.000587,0.000114,9.00e-05,9.00e-04,1687.9
449,0.000647,0.000709,0.000595,0.000114,9.00e-05,9.00e-04,1691.7
450,0.000645,0.000708,0.000594,0.000114,9.00e-05,9.00e-04,1695.4
451,0.000646,0.000692,0.000578,0.000114,9.00e-05,9.00e-04,1699.2
452,0.000645,0.000754,0.000640,0.000114,9.00e-05,9.00e-04,1702.9
453,0.000645,0.000707,0.000594,0.000114,9.00e-05,9.00e-04,1706.7
454,0.000648,0.000722,0.000608,0.000114,9.00e-05,9.00e-04,1710.5
455,0.000643,0.000723,0.000609,0.000114,9.00e-05,9.00e-04,1714.2
456,0.000643,0.000722,0.000609,0.000114,9.00e-05,9.00e-04,1718.0
457,0.000642,0.000701,0.000588,0.000114,9.00e-05,9.00e-04,1721.7
458,0.000642,0.000702,0.000588,0.000113,9.00e-05,9.00e-04,1725.5
459,0.000642,0.000724,0.000610,0.000113,9.00e-05,9.00e-04,1729.3
460,0.000646,0.000700,0.000587,0.000113,9.00e-05,9.00e-04,1733.0
461,0.000643,0.000692,0.000578,0.000113,9.00e-05,9.00e-04,1736.8
462,0.000637,0.000709,0.000596,0.000113,9.00e-05,9.00e-04,1740.6
463,0.000645,0.000704,0.000591,0.000113,9.00e-05,9.00e-04,1744.3
464,0.000637,0.000698,0.000584,0.000113,9.00e-05,9.00e-04,1748.1
465,0.000640,0.000699,0.000586,0.000113,9.00e-05,9.00e-04,1751.8
466,0.000643,0.000678,0.000565,0.000113,9.00e-05,9.00e-04,1755.6
467,0.000641,0.000702,0.000588,0.000113,9.00e-05,9.00e-04,1759.3
468,0.000636,0.000695,0.000582,0.000113,9.00e-05,9.00e-04,1763.1
469,0.000637,0.000702,0.000589,0.000113,9.00e-05,9.00e-04,1766.9
470,0.000636,0.000697,0.000584,0.000113,9.00e-05,9.00e-04,1770.6
471,0.000636,0.000707,0.000594,0.000113,9.00e-05,9.00e-04,1774.4
472,0.000641,0.000719,0.000606,0.000113,9.00e-05,9.00e-04,1778.2
473,0.000636,0.000694,0.000581,0.000113,9.00e-05,9.00e-04,1781.9
474,0.000639,0.000689,0.000576,0.000113,9.00e-05,9.00e-04,1785.7
475,0.000633,0.000708,0.000595,0.000113,9.00e-05,9.00e-04,1789.4
476,0.000635,0.000707,0.000594,0.000113,9.00e-05,9.00e-04,1793.2
477,0.000632,0.000697,0.000584,0.000113,9.00e-05,9.00e-04,1797.0
478,0.000639,0.000714,0.000601,0.000113,9.00e-05,9.00e-04,1800.7
479,0.000636,0.000685,0.000572,0.000113,9.00e-05,9.00e-04,1804.5
480,0.000632,0.000705,0.000593,0.000113,9.00e-05,9.00e-04,1808.3
481,0.000633,0.000709,0.000596,0.000113,9.00e-05,9.00e-04,1812.1
482,0.000636,0.000695,0.000583,0.000112,9.00e-05,9.00e-04,1815.9
483,0.000631,0.000701,0.000589,0.000112,9.00e-05,9.00e-04,1819.6
484,0.000632,0.000714,0.000601,0.000112,9.00e-05,9.00e-04,1823.4
485,0.000632,0.000726,0.000614,0.000112,9.00e-05,9.00e-04,1827.2
486,0.000633,0.000683,0.000571,0.000112,9.00e-05,9.00e-04,1831.0
487,0.000632,0.000682,0.000570,0.000112,8.10e-05,8.10e-04,1834.7
488,0.000605,0.000657,0.000545,0.000112,8.10e-05,8.10e-04,1838.5
489,0.000605,0.000674,0.000562,0.000112,8.10e-05,8.10e-04,1842.3
490,0.000604,0.000673,0.000561,0.000112,8.10e-05,8.10e-04,1846.0
491,0.000603,0.000684,0.000572,0.000112,8.10e-05,8.10e-04,1849.8
492,0.000603,0.000659,0.000547,0.000112,8.10e-05,8.10e-04,1853.5
493,0.000599,0.000681,0.000570,0.000112,8.10e-05,8.10e-04,1857.3
494,0.000598,0.000681,0.000569,0.000112,8.10e-05,8.10e-04,1861.1
495,0.000598,0.000671,0.000559,0.000112,8.10e-05,8.10e-04,1864.8
496,0.000598,0.000665,0.000554,0.000111,8.10e-05,8.10e-04,1868.5
497,0.000596,0.000651,0.000539,0.000111,8.10e-05,8.10e-04,1872.3
498,0.000597,0.000671,0.000560,0.000111,8.10e-05,8.10e-04,1876.1
499,0.000596,0.000676,0.000564,0.000111,8.10e-05,8.10e-04,1879.8
500,0.000595,0.000677,0.000566,0.000111,8.10e-05,8.10e-04,1883.6
501,0.000600,0.000651,0.000540,0.000111,8.10e-05,8.10e-04,1887.3
502,0.000597,0.000674,0.000563,0.000111,8.10e-05,8.10e-04,1891.1
503,0.000598,0.000665,0.000554,0.000111,8.10e-05,8.10e-04,1894.9
504,0.000597,0.000656,0.000545,0.000111,8.10e-05,8.10e-04,1898.6
505,0.000598,0.000661,0.000551,0.000111,8.10e-05,8.10e-04,1902.4
506,0.000596,0.000681,0.000571,0.000111,8.10e-05,8.10e-04,1906.1
507,0.000595,0.000667,0.000557,0.000111,8.10e-05,8.10e-04,1909.9
508,0.000594,0.000658,0.000547,0.000111,8.10e-05,8.10e-04,1913.6
509,0.000597,0.000661,0.000550,0.000111,8.10e-05,8.10e-04,1917.4
510,0.000593,0.000652,0.000542,0.000110,8.10e-05,8.10e-04,1921.2
511,0.000592,0.000676,0.000566,0.000110,8.10e-05,8.10e-04,1924.9
512,0.000593,0.000688,0.000578,0.000110,8.10e-05,8.10e-04,1928.7
513,0.000596,0.000650,0.000540,0.000110,8.10e-05,8.10e-04,1932.5
514,0.000595,0.000663,0.000553,0.000110,8.10e-05,8.10e-04,1936.3
515,0.000593,0.000666,0.000556,0.000110,8.10e-05,8.10e-04,1940.1
516,0.000592,0.000674,0.000564,0.000110,8.10e-05,8.10e-04,1943.8
517,0.000591,0.000654,0.000544,0.000110,8.10e-05,8.10e-04,1947.6
518,0.000595,0.000648,0.000538,0.000110,8.10e-05,8.10e-04,1951.3
519,0.000590,0.000647,0.000537,0.000110,8.10e-05,8.10e-04,1955.1
520,0.000590,0.000656,0.000546,0.000110,8.10e-05,8.10e-04,1958.9
521,0.000590,0.000653,0.000544,0.000110,8.10e-05,8.10e-04,1962.7
522,0.000592,0.000644,0.000534,0.000110,8.10e-05,8.10e-04,1966.4
523,0.000589,0.000665,0.000556,0.000110,8.10e-05,8.10e-04,1970.2
524,0.000590,0.000667,0.000557,0.000110,8.10e-05,8.10e-04,1973.9
525,0.000589,0.000674,0.000564,0.000109,8.10e-05,8.10e-04,1977.7
526,0.000588,0.000668,0.000559,0.000109,8.10e-05,8.10e-04,1981.5
527,0.000585,0.000645,0.000535,0.000109,8.10e-05,8.10e-04,1985.2
528,0.000586,0.000660,0.000551,0.000109,8.10e-05,8.10e-04,1989.0
529,0.000588,0.000681,0.000572,0.000109,8.10e-05,8.10e-04,1992.7
530,0.000590,0.000653,0.000544,0.000109,8.10e-05,8.10e-04,1996.5
531,0.000585,0.000684,0.000575,0.000109,8.10e-05,8.10e-04,2000.3
532,0.000586,0.000696,0.000586,0.000109,8.10e-05,8.10e-04,2004.1
533,0.000586,0.000637,0.000528,0.000109,8.10e-05,8.10e-04,2007.9
534,0.000589,0.000644,0.000535,0.000109,8.10e-05,8.10e-04,2011.6
535,0.000590,0.000642,0.000533,0.000109,8.10e-05,8.10e-04,2015.4
536,0.000583,0.000650,0.000541,0.000109,8.10e-05,8.10e-04,2019.2
537,0.000585,0.000662,0.000553,0.000109,8.10e-05,8.10e-04,2022.9
538,0.000590,0.000641,0.000533,0.000109,8.10e-05,8.10e-04,2026.7
539,0.000586,0.000658,0.000550,0.000109,8.10e-05,8.10e-04,2030.5
540,0.000582,0.000667,0.000558,0.000109,8.10e-05,8.10e-04,2034.2
541,0.000586,0.000669,0.000561,0.000109,8.10e-05,8.10e-04,2038.0
542,0.000584,0.000644,0.000535,0.000109,8.10e-05,8.10e-04,2041.8
543,0.000587,0.000641,0.000533,0.000108,8.10e-05,8.10e-04,2045.5
544,0.000580,0.000643,0.000534,0.000108,8.10e-05,8.10e-04,2049.3
545,0.000582,0.000658,0.000549,0.000108,8.10e-05,8.10e-04,2053.1
546,0.000581,0.000636,0.000528,0.000108,8.10e-05,8.10e-04,2056.9
547,0.000583,0.000669,0.000560,0.000108,8.10e-05,8.10e-04,2060.6
548,0.000580,0.000644,0.000536,0.000108,8.10e-05,8.10e-04,2064.4
549,0.000582,0.000669,0.000561,0.000108,8.10e-05,8.10e-04,2068.1
550,0.000579,0.000671,0.000563,0.000108,8.10e-05,8.10e-04,2071.9
551,0.000580,0.000640,0.000531,0.000108,8.10e-05,8.10e-04,2075.6
552,0.000578,0.000640,0.000532,0.000108,8.10e-05,8.10e-04,2079.4
553,0.000579,0.000659,0.000551,0.000108,8.10e-05,8.10e-04,2083.2
554,0.000580,0.000652,0.000544,0.000108,8.10e-05,8.10e-04,2086.9
555,0.000580,0.000672,0.000564,0.000108,8.10e-05,8.10e-04,2090.7
556,0.000579,0.000655,0.000547,0.000108,8.10e-05,8.10e-04,2094.5
557,0.000583,0.000640,0.000533,0.000108,8.10e-05,8.10e-04,2098.2
558,0.000578,0.000664,0.000556,0.000108,8.10e-05,8.10e-04,2102.0
559,0.000580,0.000655,0.000547,0.000108,8.10e-05,8.10e-04,2105.8
560,0.000578,0.000651,0.000544,0.000108,8.10e-05,8.10e-04,2109.6
561,0.000579,0.000643,0.000535,0.000108,8.10e-05,8.10e-04,2113.3
562,0.000578,0.000644,0.000537,0.000108,8.10e-05,8.10e-04,2117.1
563,0.000577,0.000652,0.000544,0.000108,8.10e-05,8.10e-04,2120.9
564,0.000577,0.000648,0.000541,0.000108,8.10e-05,8.10e-04,2124.6
565,0.000577,0.000655,0.000548,0.000108,8.10e-05,8.10e-04,2128.4
566,0.000576,0.000635,0.000528,0.000107,8.10e-05,8.10e-04,2132.2
567,0.000577,0.000648,0.000541,0.000107,8.10e-05,8.10e-04,2135.9
568,0.000576,0.000657,0.000550,0.000107,8.10e-05,8.10e-04,2139.7
569,0.000577,0.000674,0.000566,0.000107,8.10e-05,8.10e-04,2143.5
570,0.000576,0.000630,0.000523,0.000107,8.10e-05,8.10e-04,2147.2
571,0.000576,0.000646,0.000539,0.000107,8.10e-05,8.10e-04,2151.0
572,0.000576,0.000634,0.000526,0.000107,8.10e-05,8.10e-04,2154.8
573,0.000573,0.000666,0.000559,0.000107,8.10e-05,8.10e-04,2158.5
574,0.000576,0.000637,0.000530,0.000107,8.10e-05,8.10e-04,2162.3
575,0.000575,0.000655,0.000548,0.000107,8.10e-05,8.10e-04,2166.1
576,0.000577,0.000659,0.000552,0.000107,8.10e-05,8.10e-04,2169.9
577,0.000575,0.000645,0.000538,0.000107,8.10e-05,8.10e-04,2173.6
578,0.000570,0.000650,0.000543,0.000107,8.10e-05,8.10e-04,2177.4
579,0.000573,0.000647,0.000540,0.000107,8.10e-05,8.10e-04,2181.1
580,0.000576,0.000636,0.000529,0.000107,8.10e-05,8.10e-04,2184.9
581,0.000573,0.000662,0.000555,0.000107,8.10e-05,8.10e-04,2188.7
582,0.000574,0.000626,0.000519,0.000107,8.10e-05,8.10e-04,2192.4
583,0.000570,0.000631,0.000524,0.000107,8.10e-05,8.10e-04,2196.2
584,0.000572,0.000627,0.000520,0.000107,8.10e-05,8.10e-04,2200.0
585,0.000573,0.000660,0.000553,0.000107,8.10e-05,8.10e-04,2203.8
586,0.000572,0.000666,0.000560,0.000107,8.10e-05,8.10e-04,2207.6
587,0.000571,0.000651,0.000544,0.000107,8.10e-05,8.10e-04,2211.4
588,0.000570,0.000671,0.000564,0.000107,8.10e-05,8.10e-04,2215.2
589,0.000570,0.000663,0.000556,0.000107,8.10e-05,8.10e-04,2218.9
590,0.000571,0.000644,0.000537,0.000107,8.10e-05,8.10e-04,2222.7
591,0.000568,0.000631,0.000524,0.000107,8.10e-05,8.10e-04,2226.5
592,0.000572,0.000631,0.000524,0.000106,8.10e-05,8.10e-04,2230.2
593,0.000567,0.000658,0.000551,0.000106,8.10e-05,8.10e-04,2234.0
594,0.000568,0.000637,0.000530,0.000106,8.10e-05,8.10e-04,2237.8
595,0.000572,0.000641,0.000535,0.000106,8.10e-05,8.10e-04,2241.5
596,0.000568,0.000650,0.000544,0.000106,8.10e-05,8.10e-04,2245.3
597,0.000571,0.000674,0.000568,0.000106,8.10e-05,8.10e-04,2249.0
598,0.000571,0.000641,0.000535,0.000106,8.10e-05,8.10e-04,2252.8
599,0.000568,0.000625,0.000518,0.000106,8.10e-05,8.10e-04,2256.6
600,0.000568,0.000631,0.000525,0.000106,8.10e-05,8.10e-04,2260.3
601,0.000567,0.000632,0.000526,0.000106,8.10e-05,8.10e-04,2264.1
602,0.000566,0.000642,0.000536,0.000106,8.10e-05,8.10e-04,2267.9
603,0.000567,0.000642,0.000536,0.000106,8.10e-05,8.10e-04,2271.6
604,0.000566,0.000624,0.000518,0.000106,8.10e-05,8.10e-04,2275.4
605,0.000568,0.000648,0.000542,0.000106,8.10e-05,8.10e-04,2279.1
606,0.000570,0.000664,0.000558,0.000106,8.10e-05,8.10e-04,2282.9
607,0.000564,0.000626,0.000520,0.000106,8.10e-05,8.10e-04,2286.7
608,0.000567,0.000642,0.000536,0.000106,8.10e-05,8.10e-04,2290.4
609,0.000565,0.000625,0.000519,0.000106,8.10e-05,8.10e-04,2294.2
610,0.000564,0.000624,0.000518,0.000106,8.10e-05,8.10e-04,2298.0
611,0.000567,0.000638,0.000533,0.000106,8.10e-05,8.10e-04,2301.8
612,0.000565,0.000631,0.000525,0.000106,8.10e-05,8.10e-04,2305.6
613,0.000564,0.000625,0.000519,0.000106,8.10e-05,8.10e-04,2309.3
614,0.000565,0.000625,0.000519,0.000106,8.10e-05,8.10e-04,2313.1
615,0.000564,0.000628,0.000523,0.000106,8.10e-05,8.10e-04,2316.8
616,0.000564,0.000643,0.000538,0.000106,8.10e-05,8.10e-04,2320.6
617,0.000562,0.000666,0.000560,0.000106,8.10e-05,8.10e-04,2324.4
618,0.000564,0.000646,0.000540,0.000106,8.10e-05,8.10e-04,2328.1
619,0.000566,0.000656,0.000551,0.000106,8.10e-05,8.10e-04,2331.9
620,0.000563,0.000637,0.000532,0.000106,8.10e-05,8.10e-04,2335.6
621,0.000563,0.000649,0.000543,0.000105,8.10e-05,8.10e-04,2339.4
622,0.000565,0.000621,0.000515,0.000105,8.10e-05,8.10e-04,2343.2
623,0.000562,0.000615,0.000510,0.000105,8.10e-05,8.10e-04,2346.9
624,0.000564,0.000642,0.000537,0.000105,8.10e-05,8.10e-04,2350.7
625,0.000562,0.000633,0.000528,0.000105,8.10e-05,8.10e-04,2354.5
626,0.000566,0.000621,0.000516,0.000105,8.10e-05,8.10e-04,2358.2
627,0.000563,0.000665,0.000560,0.000105,8.10e-05,8.10e-04,2362.0
628,0.000560,0.000634,0.000529,0.000105,8.10e-05,8.10e-04,2365.8
629,0.000561,0.000665,0.000559,0.000105,8.10e-05,8.10e-04,2369.5
630,0.000563,0.000625,0.000520,0.000105,8.10e-05,8.10e-04,2373.3
631,0.000561,0.000637,0.000532,0.000105,8.10e-05,8.10e-04,2377.1
632,0.000562,0.000617,0.000512,0.000105,8.10e-05,8.10e-04,2380.8
633,0.000561,0.000659,0.000554,0.000105,8.10e-05,8.10e-04,2384.6
634,0.000560,0.000627,0.000522,0.000105,8.10e-05,8.10e-04,2388.3
635,0.000562,0.000632,0.000527,0.000105,8.10e-05,8.10e-04,2392.1
636,0.000560,0.000628,0.000523,0.000105,8.10e-05,8.10e-04,2395.9
637,0.000561,0.000638,0.000533,0.000105,8.10e-05,8.10e-04,2399.6
638,0.000560,0.000630,0.000525,0.000105,8.10e-05,8.10e-04,2403.4
639,0.000558,0.000629,0.000524,0.000105,8.10e-05,8.10e-04,2407.1
640,0.000559,0.000626,0.000521,0.000105,8.10e-05,8.10e-04,2410.9
641,0.000557,0.000632,0.000527,0.000105,8.10e-05,8.10e-04,2414.7
642,0.000558,0.000641,0.000536,0.000105,8.10e-05,8.10e-04,2418.4
643,0.000558,0.000649,0.000544,0.000105,8.10e-05,8.10e-04,2422.2
644,0.000555,0.000616,0.000511,0.000105,7.29e-05,7.29e-04,2426.0
645,0.000536,0.000621,0.000517,0.000105,7.29e-05,7.29e-04,2429.7
646,0.000534,0.000615,0.000510,0.000105,7.29e-05,7.29e-04,2433.5
647,0.000533,0.000616,0.000512,0.000104,7.29e-05,7.29e-04,2437.3
648,0.000533,0.000609,0.000505,0.000104,7.29e-05,7.29e-04,2441.0
649,0.000533,0.000601,0.000497,0.000104,7.29e-05,7.29e-04,2444.8
650,0.000534,0.000602,0.000498,0.000104,7.29e-05,7.29e-04,2448.5
651,0.000533,0.000597,0.000493,0.000104,7.29e-05,7.29e-04,2452.3
652,0.000532,0.000599,0.000495,0.000104,7.29e-05,7.29e-04,2456.1
653,0.000533,0.000599,0.000495,0.000104,7.29e-05,7.29e-04,2459.9
654,0.000531,0.000611,0.000507,0.000104,7.29e-05,7.29e-04,2463.6
655,0.000532,0.000606,0.000502,0.000104,7.29e-05,7.29e-04,2467.4
656,0.000530,0.000600,0.000496,0.000104,7.29e-05,7.29e-04,2471.2
657,0.000530,0.000610,0.000506,0.000104,7.29e-05,7.29e-04,2475.0
658,0.000534,0.000605,0.000501,0.000104,7.29e-05,7.29e-04,2478.7
659,0.000531,0.000606,0.000502,0.000104,7.29e-05,7.29e-04,2482.5
660,0.000527,0.000595,0.000491,0.000104,7.29e-05,7.29e-04,2486.3
661,0.000530,0.000609,0.000505,0.000104,7.29e-05,7.29e-04,2490.1
662,0.000532,0.000608,0.000504,0.000104,7.29e-05,7.29e-04,2493.8
663,0.000530,0.000628,0.000524,0.000104,7.29e-05,7.29e-04,2497.6
664,0.000528,0.000601,0.000497,0.000104,7.29e-05,7.29e-04,2501.4
665,0.000531,0.000605,0.000501,0.000103,7.29e-05,7.29e-04,2505.1
666,0.000528,0.000606,0.000503,0.000103,7.29e-05,7.29e-04,2508.9
667,0.000527,0.000600,0.000497,0.000103,7.29e-05,7.29e-04,2512.7
668,0.000529,0.000606,0.000503,0.000103,7.29e-05,7.29e-04,2516.4
669,0.000528,0.000590,0.000487,0.000103,7.29e-05,7.29e-04,2520.2
670,0.000528,0.000604,0.000501,0.000103,7.29e-05,7.29e-04,2524.0
671,0.000530,0.000606,0.000503,0.000103,7.29e-05,7.29e-04,2527.7
672,0.000524,0.000603,0.000499,0.000103,7.29e-05,7.29e-04,2531.5
673,0.000527,0.000616,0.000513,0.000103,7.29e-05,7.29e-04,2535.2
674,0.000528,0.000620,0.000517,0.000103,7.29e-05,7.29e-04,2539.0
675,0.000525,0.000609,0.000506,0.000103,7.29e-05,7.29e-04,2542.8
676,0.000527,0.000592,0.000489,0.000103,7.29e-05,7.29e-04,2546.6
677,0.000525,0.000622,0.000520,0.000103,7.29e-05,7.29e-04,2550.3
678,0.000526,0.000628,0.000525,0.000103,7.29e-05,7.29e-04,2554.1
679,0.000525,0.000620,0.000517,0.000103,7.29e-05,7.29e-04,2557.9
680,0.000528,0.000601,0.000498,0.000103,7.29e-05,7.29e-04,2561.6
681,0.000526,0.000594,0.000491,0.000103,7.29e-05,7.29e-04,2565.4
682,0.000526,0.000611,0.000508,0.000103,7.29e-05,7.29e-04,2569.1
683,0.000525,0.000599,0.000496,0.000103,7.29e-05,7.29e-04,2572.9
684,0.000525,0.000610,0.000508,0.000103,7.29e-05,7.29e-04,2576.6
685,0.000524,0.000579,0.000477,0.000102,7.29e-05,7.29e-04,2580.4
686,0.000523,0.000602,0.000500,0.000102,7.29e-05,7.29e-04,2584.2
687,0.000522,0.000591,0.000488,0.000102,7.29e-05,7.29e-04,2587.9
688,0.000524,0.000608,0.000506,0.000102,7.29e-05,7.29e-04,2591.7
689,0.000524,0.000606,0.000504,0.000102,7.29e-05,7.29e-04,2595.4
690,0.000525,0.000598,0.000495,0.000102,7.29e-05,7.29e-04,2599.2
691,0.000524,0.000611,0.000509,0.000102,7.29e-05,7.29e-04,2603.0
692,0.000525,0.000591,0.000489,0.000102,7.29e-05,7.29e-04,2606.8
693,0.000522,0.000605,0.000502,0.000102,7.29e-05,7.29e-04,2610.5
694,0.000524,0.000606,0.000504,0.000102,7.29e-05,7.29e-04,2614.3
695,0.000522,0.000589,0.000487,0.000102,7.29e-05,7.29e-04,2618.0
696,0.000524,0.000596,0.000494,0.000102,7.29e-05,7.29e-04,2621.8
697,0.000524,0.000622,0.000520,0.000102,7.29e-05,7.29e-04,2625.5
698,0.000523,0.000606,0.000504,0.000102,7.29e-05,7.29e-04,2629.3
699,0.000522,0.000613,0.000511,0.000102,7.29e-05,7.29e-04,2633.1
700,0.000523,0.000589,0.000487,0.000102,7.29e-05,7.29e-04,2636.8
701,0.000522,0.000603,0.000501,0.000102,7.29e-05,7.29e-04,2640.6
702,0.000523,0.000603,0.000501,0.000102,7.29e-05,7.29e-04,2644.3
703,0.000525,0.000591,0.000489,0.000102,7.29e-05,7.29e-04,2648.1
704,0.000520,0.000597,0.000495,0.000102,7.29e-05,7.29e-04,2651.8
705,0.000521,0.000587,0.000485,0.000102,7.29e-05,7.29e-04,2655.6
706,0.000521,0.000601,0.000500,0.000102,6.56e-05,6.56e-04,2659.4
707,0.000501,0.000584,0.000483,0.000101,6.56e-05,6.56e-04,2663.1
708,0.000501,0.000588,0.000486,0.000101,6.56e-05,6.56e-04,2666.9
709,0.000498,0.000580,0.000479,0.000101,6.56e-05,6.56e-04,2670.6
710,0.000500,0.000584,0.000483,0.000101,6.56e-05,6.56e-04,2674.4
711,0.000500,0.000605,0.000503,0.000101,6.56e-05,6.56e-04,2678.1
712,0.000501,0.000599,0.000497,0.000101,6.56e-05,6.56e-04,2681.9
713,0.000499,0.000572,0.000471,0.000101,6.56e-05,6.56e-04,2685.6
714,0.000499,0.000571,0.000470,0.000101,6.56e-05,6.56e-04,2689.4
715,0.000498,0.000573,0.000472,0.000101,6.56e-05,6.56e-04,2693.2
716,0.000501,0.000571,0.000470,0.000101,6.56e-05,6.56e-04,2697.0
717,0.000497,0.000579,0.000479,0.000101,6.56e-05,6.56e-04,2700.7
718,0.000497,0.000586,0.000485,0.000101,6.56e-05,6.56e-04,2704.5
719,0.000497,0.000573,0.000473,0.000101,6.56e-05,6.56e-04,2708.3
720,0.000498,0.000575,0.000474,0.000101,6.56e-05,6.56e-04,2712.0
721,0.000498,0.000578,0.000477,0.000101,6.56e-05,6.56e-04,2715.8
722,0.000496,0.000566,0.000465,0.000100,6.56e-05,6.56e-04,2719.5
723,0.000495,0.000573,0.000473,0.000100,6.56e-05,6.56e-04,2723.3
724,0.000497,0.000582,0.000481,0.000100,6.56e-05,6.56e-04,2727.1
725,0.000495,0.000569,0.000468,0.000100,6.56e-05,6.56e-04,2730.8
726,0.000497,0.000570,0.000470,0.000100,6.56e-05,6.56e-04,2734.6
727,0.000496,0.000577,0.000477,0.000100,6.56e-05,6.56e-04,2738.3
728,0.000495,0.000576,0.000476,0.000100,6.56e-05,6.56e-04,2742.1
729,0.000494,0.000583,0.000483,0.000100,6.56e-05,6.56e-04,2745.9
730,0.000497,0.000575,0.000475,0.000100,6.56e-05,6.56e-04,2749.6
731,0.000496,0.000565,0.000465,0.000100,6.56e-05,6.56e-04,2753.4
732,0.000496,0.000569,0.000469,0.000100,6.56e-05,6.56e-04,2757.2
733,0.000495,0.000584,0.000484,0.000100,6.56e-05,6.56e-04,2760.9
734,0.000495,0.000588,0.000488,0.000100,6.56e-05,6.56e-04,2764.7
735,0.000494,0.000568,0.000468,0.000100,6.56e-05,6.56e-04,2768.5
736,0.000493,0.000581,0.000481,0.000100,6.56e-05,6.56e-04,2772.2
737,0.000493,0.000564,0.000465,0.000100,6.56e-05,6.56e-04,2776.0
738,0.000493,0.000558,0.000458,0.000100,6.56e-05,6.56e-04,2779.8
739,0.000492,0.000567,0.000468,0.000100,6.56e-05,6.56e-04,2783.6
740,0.000492,0.000559,0.000459,0.000100,6.56e-05,6.56e-04,2787.3
741,0.000493,0.000598,0.000498,0.000099,6.56e-05,6.56e-04,2791.1
742,0.000493,0.000573,0.000473,0.000099,6.56e-05,6.56e-04,2794.8
743,0.000492,0.000560,0.000460,0.000099,6.56e-05,6.56e-04,2798.6
744,0.000492,0.000568,0.000468,0.000099,6.56e-05,6.56e-04,2802.3
745,0.000491,0.000565,0.000466,0.000099,6.56e-05,6.56e-04,2806.1
746,0.000492,0.000575,0.000476,0.000099,6.56e-05,6.56e-04,2809.9
747,0.000493,0.000585,0.000486,0.000099,6.56e-05,6.56e-04,2813.6
748,0.000493,0.000565,0.000465,0.000099,6.56e-05,6.56e-04,2817.4
749,0.000491,0.000564,0.000465,0.000099,6.56e-05,6.56e-04,2821.1
750,0.000491,0.000572,0.000473,0.000099,6.56e-05,6.56e-04,2824.9
751,0.000491,0.000562,0.000463,0.000099,6.56e-05,6.56e-04,2828.6
752,0.000492,0.000588,0.000489,0.000099,6.56e-05,6.56e-04,2832.4
753,0.000493,0.000574,0.000476,0.000099,6.56e-05,6.56e-04,2836.2
754,0.000491,0.000572,0.000473,0.000099,6.56e-05,6.56e-04,2839.9
755,0.000490,0.000562,0.000464,0.000099,6.56e-05,6.56e-04,2843.7
756,0.000491,0.000570,0.000472,0.000099,6.56e-05,6.56e-04,2847.4
757,0.000492,0.000570,0.000471,0.000099,6.56e-05,6.56e-04,2851.2
758,0.000489,0.000568,0.000469,0.000099,6.56e-05,6.56e-04,2855.0
759,0.000490,0.000568,0.000470,0.000099,5.90e-05,5.90e-04,2858.7
760,0.000472,0.000566,0.000468,0.000098,5.90e-05,5.90e-04,2862.5
761,0.000471,0.000565,0.000467,0.000098,5.90e-05,5.90e-04,2866.3
762,0.000471,0.000558,0.000460,0.000098,5.90e-05,5.90e-04,2870.0
763,0.000472,0.000552,0.000454,0.000098,5.90e-05,5.90e-04,2873.8
764,0.000470,0.000550,0.000452,0.000098,5.90e-05,5.90e-04,2877.6
765,0.000472,0.000547,0.000449,0.000098,5.90e-05,5.90e-04,2881.3
766,0.000471,0.000555,0.000457,0.000098,5.90e-05,5.90e-04,2885.1
767,0.000470,0.000546,0.000448,0.000098,5.90e-05,5.90e-04,2888.8
768,0.000469,0.000555,0.000457,0.000098,5.90e-05,5.90e-04,2892.6
769,0.000472,0.000572,0.000474,0.000098,5.90e-05,5.90e-04,2896.4
770,0.000471,0.000546,0.000448,0.000098,5.90e-05,5.90e-04,2900.1
771,0.000469,0.000545,0.000448,0.000098,5.90e-05,5.90e-04,2903.9
772,0.000467,0.000550,0.000453,0.000098,5.90e-05,5.90e-04,2907.6
773,0.000470,0.000545,0.000448,0.000098,5.90e-05,5.90e-04,2911.4
774,0.000469,0.000560,0.000462,0.000098,5.90e-05,5.90e-04,2915.2
775,0.000468,0.000554,0.000456,0.000098,5.90e-05,5.90e-04,2918.9
776,0.000468,0.000547,0.000450,0.000097,5.90e-05,5.90e-04,2922.7
777,0.000467,0.000565,0.000467,0.000097,5.90e-05,5.90e-04,2926.4
778,0.000468,0.000550,0.000453,0.000097,5.90e-05,5.90e-04,2930.2
779,0.000466,0.000552,0.000454,0.000097,5.90e-05,5.90e-04,2933.9
780,0.000467,0.000547,0.000449,0.000097,5.90e-05,5.90e-04,2937.7
781,0.000468,0.000548,0.000451,0.000097,5.90e-05,5.90e-04,2941.5
782,0.000467,0.000544,0.000447,0.000097,5.90e-05,5.90e-04,2945.3
783,0.000467,0.000569,0.000472,0.000097,5.90e-05,5.90e-04,2949.0
784,0.000468,0.000550,0.000453,0.000097,5.90e-05,5.90e-04,2952.8
785,0.000467,0.000544,0.000447,0.000097,5.90e-05,5.90e-04,2956.5
786,0.000468,0.000553,0.000456,0.000097,5.90e-05,5.90e-04,2960.3
787,0.000466,0.000544,0.000448,0.000097,5.90e-05,5.90e-04,2964.0
788,0.000466,0.000555,0.000458,0.000097,5.90e-05,5.90e-04,2967.8
789,0.000465,0.000561,0.000464,0.000097,5.90e-05,5.90e-04,2971.5
790,0.000467,0.000548,0.000451,0.000097,5.90e-05,5.90e-04,2975.3
791,0.000467,0.000549,0.000452,0.000097,5.90e-05,5.90e-04,2979.0
792,0.000463,0.000547,0.000450,0.000097,5.90e-05,5.90e-04,2982.8
793,0.000464,0.000554,0.000458,0.000097,5.90e-05,5.90e-04,2986.6
794,0.000466,0.000543,0.000447,0.000097,5.90e-05,5.90e-04,2990.3
795,0.000465,0.000562,0.000465,0.000096,5.90e-05,5.90e-04,2994.1
796,0.000464,0.000542,0.000445,0.000096,5.90e-05,5.90e-04,2997.9
797,0.000464,0.000572,0.000476,0.000096,5.90e-05,5.90e-04,3001.6
798,0.000464,0.000544,0.000448,0.000096,5.90e-05,5.90e-04,3005.4
799,0.000464,0.000551,0.000455,0.000096,5.90e-05,5.90e-04,3009.2
800,0.000463,0.000551,0.000454,0.000096,5.90e-05,5.90e-04,3012.9
801,0.000466,0.000541,0.000445,0.000096,5.90e-05,5.90e-04,3016.7
802,0.000463,0.000542,0.000446,0.000096,5.90e-05,5.90e-04,3020.5
803,0.000466,0.000551,0.000455,0.000096,5.90e-05,5.90e-04,3024.2
804,0.000463,0.000550,0.000454,0.000096,5.90e-05,5.90e-04,3028.0
805,0.000465,0.000539,0.000443,0.000096,5.90e-05,5.90e-04,3031.8
806,0.000464,0.000561,0.000465,0.000096,5.90e-05,5.90e-04,3035.6
807,0.000463,0.000541,0.000445,0.000096,5.90e-05,5.90e-04,3039.3
808,0.000463,0.000552,0.000456,0.000096,5.90e-05,5.90e-04,3043.1
809,0.000464,0.000549,0.000453,0.000096,5.90e-05,5.90e-04,3046.9
810,0.000461,0.000544,0.000449,0.000096,5.90e-05,5.90e-04,3050.6
811,0.000462,0.000534,0.000438,0.000096,5.90e-05,5.90e-04,3054.4
812,0.000460,0.000555,0.000460,0.000096,5.90e-05,5.90e-04,3058.1
813,0.000462,0.000555,0.000460,0.000096,5.90e-05,5.90e-04,3061.9
814,0.000464,0.000549,0.000453,0.000096,5.90e-05,5.90e-04,3065.7
815,0.000464,0.000543,0.000447,0.000096,5.90e-05,5.90e-04,3069.4
816,0.000460,0.000548,0.000453,0.000095,5.90e-05,5.90e-04,3073.2
817,0.000462,0.000551,0.000455,0.000095,5.90e-05,5.90e-04,3077.0
818,0.000465,0.000538,0.000443,0.000095,5.90e-05,5.90e-04,3080.7
819,0.000462,0.000550,0.000454,0.000095,5.90e-05,5.90e-04,3084.5
820,0.000465,0.000527,0.000431,0.000095,5.90e-05,5.90e-04,3088.2
821,0.000461,0.000544,0.000449,0.000095,5.90e-05,5.90e-04,3092.0
822,0.000462,0.000541,0.000446,0.000095,5.90e-05,5.90e-04,3095.8
823,0.000460,0.000541,0.000446,0.000095,5.90e-05,5.90e-04,3099.5
824,0.000461,0.000558,0.000463,0.000095,5.90e-05,5.90e-04,3103.3
825,0.000462,0.000552,0.000457,0.000095,5.90e-05,5.90e-04,3107.1
826,0.000461,0.000542,0.000447,0.000095,5.90e-05,5.90e-04,3110.8
827,0.000460,0.000563,0.000468,0.000095,5.90e-05,5.90e-04,3114.6
828,0.000461,0.000535,0.000440,0.000095,5.90e-05,5.90e-04,3118.3
829,0.000460,0.000546,0.000451,0.000095,5.90e-05,5.90e-04,3122.1
830,0.000460,0.000535,0.000440,0.000095,5.90e-05,5.90e-04,3125.8
831,0.000461,0.000545,0.000450,0.000095,5.90e-05,5.90e-04,3129.6
832,0.000461,0.000549,0.000455,0.000095,5.90e-05,5.90e-04,3133.4
833,0.000461,0.000544,0.000450,0.000095,5.90e-05,5.90e-04,3137.1
834,0.000461,0.000547,0.000452,0.000095,5.90e-05,5.90e-04,3140.9
835,0.000459,0.000551,0.000456,0.000095,5.90e-05,5.90e-04,3144.6
836,0.000461,0.000537,0.000442,0.000095,5.90e-05,5.90e-04,3148.4
837,0.000459,0.000554,0.000460,0.000095,5.90e-05,5.90e-04,3152.2
838,0.000461,0.000542,0.000447,0.000095,5.90e-05,5.90e-04,3155.9
839,0.000458,0.000541,0.000446,0.000095,5.90e-05,5.90e-04,3159.7
840,0.000460,0.000539,0.000445,0.000094,5.90e-05,5.90e-04,3163.4
841,0.000461,0.000540,0.000446,0.000094,5.31e-05,5.31e-04,3167.2
842,0.000442,0.000540,0.000445,0.000094,5.31e-05,5.31e-04,3171.0
843,0.000441,0.000527,0.000433,0.000094,5.31e-05,5.31e-04,3174.7
844,0.000442,0.000533,0.000438,0.000094,5.31e-05,5.31e-04,3178.5
845,0.000443,0.000533,0.000438,0.000094,5.31e-05,5.31e-04,3182.2
846,0.000442,0.000526,0.000432,0.000094,5.31e-05,5.31e-04,3186.0
847,0.000443,0.000541,0.000447,0.000094,5.31e-05,5.31e-04,3189.8
848,0.000441,0.000523,0.000429,0.000094,5.31e-05,5.31e-04,3193.5
849,0.000442,0.000522,0.000428,0.000094,5.31e-05,5.31e-04,3197.3
850,0.000440,0.000524,0.000430,0.000094,5.31e-05,5.31e-04,3201.0
851,0.000440,0.000525,0.000431,0.000094,5.31e-05,5.31e-04,3204.7
852,0.000442,0.000540,0.000447,0.000094,5.31e-05,5.31e-04,3208.5
853,0.000440,0.000522,0.000428,0.000094,5.31e-05,5.31e-04,3212.2
854,0.000439,0.000525,0.000431,0.000094,5.31e-05,5.31e-04,3216.0
855,0.000440,0.000528,0.000434,0.000094,5.31e-05,5.31e-04,3219.8
856,0.000438,0.000520,0.000426,0.000094,5.31e-05,5.31e-04,3223.5
857,0.000440,0.000529,0.000436,0.000094,5.31e-05,5.31e-04,3227.3
858,0.000441,0.000533,0.000439,0.000093,5.31e-05,5.31e-04,3231.0
859,0.000439,0.000519,0.000426,0.000093,5.31e-05,5.31e-04,3234.8
860,0.000439,0.000534,0.000441,0.000093,5.31e-05,5.31e-04,3238.5
861,0.000440,0.000523,0.000430,0.000093,5.31e-05,5.31e-04,3242.3
862,0.000438,0.000531,0.000437,0.000093,5.31e-05,5.31e-04,3246.1
863,0.000437,0.000526,0.000433,0.000093,5.31e-05,5.31e-04,3249.8
864,0.000439,0.000531,0.000438,0.000093,5.31e-05,5.31e-04,3253.6
865,0.000440,0.000534,0.000441,0.000093,5.31e-05,5.31e-04,3257.4
866,0.000437,0.000539,0.000446,0.000093,5.31e-05,5.31e-04,3261.1
867,0.000437,0.000524,0.000431,0.000093,5.31e-05,5.31e-04,3264.9
868,0.000438,0.000532,0.000439,0.000093,5.31e-05,5.31e-04,3268.6
869,0.000439,0.000526,0.000433,0.000093,5.31e-05,5.31e-04,3272.4
870,0.000438,0.000546,0.000453,0.000093,5.31e-05,5.31e-04,3276.1
871,0.000438,0.000521,0.000428,0.000093,5.31e-05,5.31e-04,3279.9
872,0.000436,0.000526,0.000433,0.000093,5.31e-05,5.31e-04,3283.6
873,0.000438,0.000541,0.000448,0.000093,5.31e-05,5.31e-04,3287.4
874,0.000437,0.000538,0.000446,0.000093,5.31e-05,5.31e-04,3291.2
875,0.000437,0.000521,0.000429,0.000093,5.31e-05,5.31e-04,3295.0
876,0.000437,0.000518,0.000425,0.000093,5.31e-05,5.31e-04,3298.7
877,0.000438,0.000526,0.000433,0.000093,5.31e-05,5.31e-04,3302.5
878,0.000436,0.000530,0.000437,0.000093,5.31e-05,5.31e-04,3306.3
879,0.000437,0.000526,0.000434,0.000092,5.31e-05,5.31e-04,3310.0
880,0.000437,0.000522,0.000430,0.000092,5.31e-05,5.31e-04,3313.8
881,0.000437,0.000531,0.000439,0.000092,5.31e-05,5.31e-04,3317.5
882,0.000437,0.000517,0.000425,0.000092,5.31e-05,5.31e-04,3321.3
883,0.000436,0.000527,0.000434,0.000092,5.31e-05,5.31e-04,3325.1
884,0.000436,0.000526,0.000434,0.000092,5.31e-05,5.31e-04,3328.9
885,0.000437,0.000524,0.000432,0.000092,5.31e-05,5.31e-04,3332.6
886,0.000435,0.000519,0.000427,0.000092,5.31e-05,5.31e-04,3336.4
887,0.000439,0.000524,0.000432,0.000092,5.31e-05,5.31e-04,3340.1
888,0.000436,0.000525,0.000432,0.000092,5.31e-05,5.31e-04,3343.9
889,0.000435,0.000519,0.000427,0.000092,5.31e-05,5.31e-04,3347.7
890,0.000437,0.000528,0.000436,0.000092,5.31e-05,5.31e-04,3351.4
891,0.000436,0.000520,0.000428,0.000092,5.31e-05,5.31e-04,3355.2
892,0.000435,0.000545,0.000453,0.000092,5.31e-05,5.31e-04,3359.0
893,0.000436,0.000530,0.000438,0.000092,5.31e-05,5.31e-04,3362.7
894,0.000435,0.000519,0.000427,0.000092,5.31e-05,5.31e-04,3366.5
895,0.000435,0.000528,0.000436,0.000092,5.31e-05,5.31e-04,3370.3
896,0.000434,0.000535,0.000444,0.000092,5.31e-05,5.31e-04,3374.0
897,0.000435,0.000523,0.000432,0.000092,5.31e-05,5.31e-04,3377.8
898,0.000435,0.000521,0.000429,0.000092,5.31e-05,5.31e-04,3381.5
899,0.000436,0.000522,0.000430,0.000092,5.31e-05,5.31e-04,3385.3
900,0.000435,0.000550,0.000458,0.000092,5.31e-05,5.31e-04,3389.0
901,0.000435,0.000529,0.000438,0.000092,5.31e-05,5.31e-04,3392.8
902,0.000434,0.000532,0.000440,0.000092,5.31e-05,5.31e-04,3396.6
903,0.000434,0.000520,0.000429,0.000092,4.78e-05,4.78e-04,3400.4
904,0.000420,0.000504,0.000413,0.000091,4.78e-05,4.78e-04,3404.1
905,0.000419,0.000511,0.000420,0.000091,4.78e-05,4.78e-04,3407.9
906,0.000421,0.000517,0.000426,0.000091,4.78e-05,4.78e-04,3411.6
907,0.000419,0.000510,0.000418,0.000091,4.78e-05,4.78e-04,3415.4
908,0.000418,0.000515,0.000423,0.000091,4.78e-05,4.78e-04,3419.2
909,0.000420,0.000513,0.000421,0.000091,4.78e-05,4.78e-04,3422.9
910,0.000418,0.000514,0.000423,0.000091,4.78e-05,4.78e-04,3426.7
911,0.000419,0.000509,0.000418,0.000091,4.78e-05,4.78e-04,3430.5
912,0.000418,0.000503,0.000412,0.000091,4.78e-05,4.78e-04,3434.3
913,0.000418,0.000513,0.000422,0.000091,4.78e-05,4.78e-04,3438.0
914,0.000418,0.000503,0.000412,0.000091,4.78e-05,4.78e-04,3441.8
915,0.000417,0.000504,0.000413,0.000091,4.78e-05,4.78e-04,3445.5
916,0.000417,0.000518,0.000427,0.000091,4.78e-05,4.78e-04,3449.3
917,0.000420,0.000510,0.000419,0.000091,4.78e-05,4.78e-04,3453.1
918,0.000416,0.000503,0.000412,0.000091,4.78e-05,4.78e-04,3456.8
919,0.000417,0.000517,0.000426,0.000091,4.78e-05,4.78e-04,3460.6
920,0.000418,0.000498,0.000408,0.000091,4.78e-05,4.78e-04,3464.4
921,0.000417,0.000513,0.000422,0.000091,4.78e-05,4.78e-04,3468.2
922,0.000416,0.000513,0.000423,0.000091,4.78e-05,4.78e-04,3471.9
923,0.000415,0.000511,0.000421,0.000090,4.78e-05,4.78e-04,3475.7
924,0.000416,0.000503,0.000413,0.000090,4.78e-05,4.78e-04,3479.5
925,0.000417,0.000504,0.000414,0.000090,4.78e-05,4.78e-04,3483.2
926,0.000416,0.000513,0.000423,0.000090,4.78e-05,4.78e-04,3487.0
927,0.000417,0.000506,0.000416,0.000090,4.78e-05,4.78e-04,3490.7
928,0.000416,0.000501,0.000411,0.000090,4.78e-05,4.78e-04,3494.5
929,0.000417,0.000505,0.000414,0.000090,4.78e-05,4.78e-04,3498.3
930,0.000415,0.000510,0.000420,0.000090,4.78e-05,4.78e-04,3502.0
931,0.000416,0.000515,0.000425,0.000090,4.78e-05,4.78e-04,3505.8
932,0.000416,0.000503,0.000413,0.000090,4.78e-05,4.78e-04,3509.5
933,0.000416,0.000501,0.000411,0.000090,4.78e-05,4.78e-04,3513.3
934,0.000417,0.000498,0.000409,0.000090,4.78e-05,4.78e-04,3517.0
935,0.000415,0.000504,0.000415,0.000090,4.78e-05,4.78e-04,3520.8
936,0.000415,0.000505,0.000416,0.000090,4.78e-05,4.78e-04,3524.6
937,0.000414,0.000503,0.000413,0.000090,4.78e-05,4.78e-04,3528.3
938,0.000416,0.000504,0.000414,0.000090,4.78e-05,4.78e-04,3532.1
939,0.000418,0.000509,0.000419,0.000090,4.78e-05,4.78e-04,3535.8
940,0.000415,0.000506,0.000417,0.000090,4.78e-05,4.78e-04,3539.6
941,0.000414,0.000498,0.000409,0.000090,4.78e-05,4.78e-04,3543.4
942,0.000413,0.000514,0.000424,0.000090,4.78e-05,4.78e-04,3547.1
943,0.000416,0.000502,0.000413,0.000090,4.78e-05,4.78e-04,3550.9
944,0.000414,0.000513,0.000424,0.000090,4.78e-05,4.78e-04,3554.7
945,0.000414,0.000506,0.000416,0.000090,4.78e-05,4.78e-04,3558.4
946,0.000415,0.000519,0.000430,0.000089,4.78e-05,4.78e-04,3562.2
947,0.000415,0.000508,0.000418,0.000089,4.78e-05,4.78e-04,3566.0
948,0.000414,0.000503,0.000413,0.000089,4.78e-05,4.78e-04,3569.7
949,0.000413,0.000511,0.000421,0.000089,4.78e-05,4.78e-04,3573.5
950,0.000414,0.000510,0.000420,0.000089,4.78e-05,4.78e-04,3577.3
951,0.000413,0.000512,0.000422,0.000089,4.78e-05,4.78e-04,3581.0
952,0.000413,0.000520,0.000431,0.000089,4.78e-05,4.78e-04,3584.8
953,0.000413,0.000508,0.000419,0.000089,4.78e-05,4.78e-04,3588.5
954,0.000414,0.000506,0.000416,0.000089,4.78e-05,4.78e-04,3592.3
955,0.000413,0.000506,0.000417,0.000089,4.78e-05,4.78e-04,3596.1
956,0.000414,0.000509,0.000420,0.000089,4.78e-05,4.78e-04,3599.8
957,0.000413,0.000497,0.000408,0.000089,4.78e-05,4.78e-04,3603.6
958,0.000412,0.000507,0.000418,0.000089,4.78e-05,4.78e-04,3607.4
959,0.000416,0.000515,0.000426,0.000089,4.78e-05,4.78e-04,3611.1
960,0.000413,0.000497,0.000408,0.000089,4.78e-05,4.78e-04,3614.9
961,0.000413,0.000509,0.000420,0.000089,4.78e-05,4.78e-04,3618.6
962,0.000412,0.000504,0.000415,0.000089,4.78e-05,4.78e-04,3622.4
963,0.000415,0.000502,0.000413,0.000089,4.78e-05,4.78e-04,3626.2
964,0.000412,0.000508,0.000419,0.000089,4.78e-05,4.78e-04,3629.9
965,0.000411,0.000508,0.000419,0.000089,4.78e-05,4.78e-04,3633.7
966,0.000411,0.000502,0.000413,0.000089,4.78e-05,4.78e-04,3637.5
967,0.000413,0.000507,0.000419,0.000089,4.78e-05,4.78e-04,3641.2
968,0.000411,0.000502,0.000414,0.000089,4.78e-05,4.78e-04,3645.0
969,0.000416,0.000509,0.000421,0.000089,4.78e-05,4.78e-04,3648.7
970,0.000412,0.000512,0.000424,0.000089,4.78e-05,4.78e-04,3652.5
971,0.000412,0.000507,0.000418,0.000088,4.78e-05,4.78e-04,3656.3
972,0.000412,0.000508,0.000420,0.000088,4.78e-05,4.78e-04,3660.0
973,0.000412,0.000508,0.000420,0.000088,4.78e-05,4.78e-04,3663.8
974,0.000411,0.000513,0.000425,0.000088,4.78e-05,4.78e-04,3667.5
975,0.000412,0.000503,0.000415,0.000088,4.78e-05,4.78e-04,3671.3
976,0.000412,0.000515,0.000427,0.000088,4.78e-05,4.78e-04,3675.0
977,0.000409,0.000506,0.000417,0.000088,4.78e-05,4.78e-04,3678.8
978,0.000412,0.000511,0.000422,0.000088,4.78e-05,4.78e-04,3682.5
979,0.000415,0.000502,0.000414,0.000088,4.78e-05,4.78e-04,3686.3
980,0.000410,0.000510,0.000422,0.000088,4.78e-05,4.78e-04,3690.1
981,0.000411,0.000499,0.000410,0.000088,4.30e-05,4.30e-04,3693.8
982,0.000398,0.000490,0.000402,0.000088,4.30e-05,4.30e-04,3697.5
983,0.000397,0.000494,0.000406,0.000088,4.30e-05,4.30e-04,3699.4
984,0.000398,0.000505,0.000417,0.000088,4.30e-05,4.30e-04,3701.2
985,0.000396,0.000489,0.000401,0.000088,4.30e-05,4.30e-04,3703.1
986,0.000397,0.000504,0.000416,0.000088,4.30e-05,4.30e-04,3704.9
987,0.000396,0.000495,0.000407,0.000088,4.30e-05,4.30e-04,3706.8
988,0.000399,0.000490,0.000403,0.000088,4.30e-05,4.30e-04,3708.6
989,0.000397,0.000493,0.000405,0.000088,4.30e-05,4.30e-04,3710.5
990,0.000397,0.000497,0.000409,0.000088,4.30e-05,4.30e-04,3712.3
991,0.000395,0.000488,0.000400,0.000088,4.30e-05,4.30e-04,3714.2
992,0.000396,0.000486,0.000398,0.000088,4.30e-05,4.30e-04,3716.0
993,0.000396,0.000491,0.000404,0.000088,4.30e-05,4.30e-04,3717.9
994,0.000397,0.000489,0.000401,0.000088,4.30e-05,4.30e-04,3719.7
995,0.000395,0.000494,0.000407,0.000087,4.30e-05,4.30e-04,3721.5
996,0.000395,0.000504,0.000416,0.000087,4.30e-05,4.30e-04,3723.4
997,0.000396,0.000490,0.000403,0.000087,4.30e-05,4.30e-04,3725.2
998,0.000397,0.000485,0.000398,0.000087,4.30e-05,4.30e-04,3727.1
999,0.000395,0.000506,0.000418,0.000087,4.30e-05,4.30e-04,3729.0
